time,temp
2020-05-26 13:04:31.397215,28.38
2020-05-26 13:04:31.597363,28.75
2020-05-26 13:04:31.797415,28.6
2020-05-26 13:04:31.997465,27.34
2020-05-26 13:04:32.198460,28.28
2020-05-26 13:04:32.398567,28.29
2020-05-26 13:04:32.598619,28.05
2020-05-26 13:04:32.798659,27.03
2020-05-26 13:04:32.998717,27.2
2020-05-26 13:04:33.198769,28.66
2020-05-26 13:04:33.398800,28.58
2020-05-26 13:04:33.599870,28.45
2020-05-26 13:04:33.799920,28.94
2020-05-26 13:04:33.999971,27.81
2020-05-26 13:04:34.200019,27.18
2020-05-26 13:04:34.400073,27.57
2020-05-26 13:04:34.600122,27.48
2020-05-26 13:04:34.800172,27.57
2020-05-26 13:04:35.000223,28.48
2020-05-26 13:04:35.200271,27.74
2020-05-26 13:04:35.400323,27.72
2020-05-26 13:04:35.600374,28.73
2020-05-26 13:04:35.800423,27.45
2020-05-26 13:04:36.000475,28.31
2020-05-26 13:04:36.200525,28.93
2020-05-26 13:04:36.400574,27.04
2020-05-26 13:04:36.601626,28.15
2020-05-26 13:04:36.801676,27.37
2020-05-26 13:04:37.002623,27.7
2020-05-26 13:04:37.202777,28.68
2020-05-26 13:04:37.402828,28.98
2020-05-26 13:04:37.602877,27.67
2020-05-26 13:04:37.802929,28.81
2020-05-26 13:04:38.003872,28.39
2020-05-26 13:04:38.204029,27.64
2020-05-26 13:04:38.404081,28.14
2020-05-26 13:04:38.604132,28.22
2020-05-26 13:04:38.804180,27.98
2020-05-26 13:04:39.004232,27.78
2020-05-26 13:04:39.204282,28.14
2020-05-26 13:04:39.404330,28.67
2020-05-26 13:04:39.604381,28.88
2020-05-26 13:04:39.804435,27.44
2020-05-26 13:04:40.004483,27.77
2020-05-26 13:04:40.204534,28.59
2020-05-26 13:04:40.404585,28.4
2020-05-26 13:04:40.604636,28.69
2020-05-26 13:04:40.805581,27.95
2020-05-26 13:04:41.005729,28.29
2020-05-26 13:04:41.205788,27.58
2020-05-26 13:04:41.406731,28.6
2020-05-26 13:04:41.606889,28.9
2020-05-26 13:04:41.806939,28.92
2020-05-26 13:04:42.006989,28.19
2020-05-26 13:04:42.207039,28.68
2020-05-26 13:04:42.407090,27.89
2020-05-26 13:04:42.607139,28.38
2020-05-26 13:04:42.807191,28.2
2020-05-26 13:04:43.007242,27.52
2020-05-26 13:04:43.208290,27.32
2020-05-26 13:04:43.408342,27.19
2020-05-26 13:04:43.608395,28.24
2020-05-26 13:04:43.808444,28.11
2020-05-26 13:04:44.008494,28.27
2020-05-26 13:04:44.208545,28.86
2020-05-26 13:04:44.408593,28.7
2020-05-26 13:04:44.608644,28.7
2020-05-26 13:04:44.808697,28.59
2020-05-26 13:04:45.008746,27.91
2020-05-26 13:04:45.208796,27.56
2020-05-26 13:04:45.408847,28.95
2020-05-26 13:04:45.609791,27.3
2020-05-26 13:04:45.809946,28.24
2020-05-26 13:04:46.010890,28.95
2020-05-26 13:04:46.211048,27.99
2020-05-26 13:04:46.411099,27.35
2020-05-26 13:04:46.611150,27.86
2020-05-26 13:04:46.812092,27.7
2020-05-26 13:04:47.012250,27.8
2020-05-26 13:04:47.212302,27.43
2020-05-26 13:04:47.412350,28.06
2020-05-26 13:04:47.612402,28.77
2020-05-26 13:04:47.812454,27.84
2020-05-26 13:04:48.012501,28.18
2020-05-26 13:04:48.212554,28.73
2020-05-26 13:04:48.412608,27.62
2020-05-26 13:04:48.612654,28.46
2020-05-26 13:04:48.812704,27.6
2020-05-26 13:04:49.012757,28.27
2020-05-26 13:04:49.212807,27.54
2020-05-26 13:04:49.412857,28.22
2020-05-26 13:04:49.612908,28.26
2020-05-26 13:04:49.812959,27.41
2020-05-26 13:04:50.013007,28.01
2020-05-26 13:04:50.213059,27.3
2020-05-26 13:04:50.413109,27.48
2020-05-26 13:04:50.614053,28.55
2020-05-26 13:04:50.814209,27.98
2020-05-26 13:04:51.014260,27.8
2020-05-26 13:04:51.214309,27.23
2020-05-26 13:04:51.414362,28.07
2020-05-26 13:04:51.614412,28.17
2020-05-26 13:04:51.814440,27.0
2020-05-26 13:04:52.015513,28.89
2020-05-26 13:04:52.215564,28.51
2020-05-26 13:04:52.422508,27.08
2020-05-26 13:04:52.622558,28.38
2020-05-26 13:04:52.822606,28.98
2020-05-26 13:04:53.022659,28.93
2020-05-26 13:04:53.222817,28.7
2020-05-26 13:04:53.422868,28.98
2020-05-26 13:04:53.622918,28.96
2020-05-26 13:04:53.822968,28.04
2020-05-26 13:04:54.024021,28.42
2020-05-26 13:04:54.224068,28.63
2020-05-26 13:04:54.424120,28.01
2020-05-26 13:04:54.624172,28.69
2020-05-26 13:04:54.824215,28.2
2020-05-26 13:04:55.024271,27.35
2020-05-26 13:04:55.225215,28.06
2020-05-26 13:04:55.425370,28.06
2020-05-26 13:04:55.625422,27.82
2020-05-26 13:04:55.825473,28.88
2020-05-26 13:04:56.025522,27.47
2020-05-26 13:04:56.225573,27.71
2020-05-26 13:04:56.425626,27.03
2020-05-26 13:04:56.625673,27.95
2020-05-26 13:04:56.826615,28.89
2020-05-26 13:04:57.026776,27.58
2020-05-26 13:04:57.226825,28.01
2020-05-26 13:04:57.426877,28.83
2020-05-26 13:04:57.626928,28.94
2020-05-26 13:04:57.826976,28.67
2020-05-26 13:04:58.027029,27.74
2020-05-26 13:04:58.227080,28.76
2020-05-26 13:04:58.427126,28.53
2020-05-26 13:04:58.627180,28.74
2020-05-26 13:04:58.828119,27.05
2020-05-26 13:04:59.028279,27.62
2020-05-26 13:04:59.228329,27.82
2020-05-26 13:04:59.428381,28.07
2020-05-26 13:04:59.628431,28.67
2020-05-26 13:04:59.828481,28.18
2020-05-26 13:05:00.029425,28.02
2020-05-26 13:05:00.230581,28.38
2020-05-26 13:05:00.430628,28.96
2020-05-26 13:05:00.631685,27.98
2020-05-26 13:05:00.832624,27.39
2020-05-26 13:05:01.032785,27.8
2020-05-26 13:05:01.232837,27.8
2020-05-26 13:05:01.432888,27.92
2020-05-26 13:05:01.632936,27.42
2020-05-26 13:05:01.832988,28.32
2020-05-26 13:05:02.033040,28.61
2020-05-26 13:05:02.233088,27.45
2020-05-26 13:05:02.433139,28.03
2020-05-26 13:05:02.634191,27.41
2020-05-26 13:05:02.835259,28.73
2020-05-26 13:05:03.035284,28.7
2020-05-26 13:05:03.235345,27.76
2020-05-26 13:05:03.435392,28.36
2020-05-26 13:05:03.635442,28.94
2020-05-26 13:05:03.835494,27.27
2020-05-26 13:05:04.035541,27.89
2020-05-26 13:05:04.235594,28.56
2020-05-26 13:05:04.435647,27.02
2020-05-26 13:05:04.636589,27.57
2020-05-26 13:05:04.836633,28.59
2020-05-26 13:05:05.036796,27.14
2020-05-26 13:05:05.236844,27.63
2020-05-26 13:05:05.437794,28.8
2020-05-26 13:05:05.637949,28.39
2020-05-26 13:05:05.837997,28.68
2020-05-26 13:05:06.038047,28.24
2020-05-26 13:05:06.238098,27.99
2020-05-26 13:05:06.438146,27.72
2020-05-26 13:05:06.638198,27.97
2020-05-26 13:05:06.838251,27.17
2020-05-26 13:05:07.038300,27.13
2020-05-26 13:05:07.238350,28.2
2020-05-26 13:05:07.438405,28.15
2020-05-26 13:05:07.638451,28.13
2020-05-26 13:05:07.838502,27.33
2020-05-26 13:05:08.038552,28.79
2020-05-26 13:05:08.238601,28.33
2020-05-26 13:05:08.438653,27.89
2020-05-26 13:05:08.638704,28.49
2020-05-26 13:05:08.839754,28.59
2020-05-26 13:05:09.039804,27.13
2020-05-26 13:05:09.240749,27.51
2020-05-26 13:05:09.440908,27.19
2020-05-26 13:05:09.640956,28.3
2020-05-26 13:05:09.841008,28.93
2020-05-26 13:05:10.041059,27.53
2020-05-26 13:05:10.242010,28.54
2020-05-26 13:05:10.442159,28.96
2020-05-26 13:05:10.642209,27.33
2020-05-26 13:05:10.842259,28.67
2020-05-26 13:05:11.042310,28.21
2020-05-26 13:05:11.242361,27.02
2020-05-26 13:05:11.443411,28.66
2020-05-26 13:05:11.643462,27.66
2020-05-26 13:05:11.843512,27.17
2020-05-26 13:05:12.043561,28.64
2020-05-26 13:05:12.243612,28.71
2020-05-26 13:05:12.443666,27.82
2020-05-26 13:05:12.643712,27.0
2020-05-26 13:05:12.843765,27.48
2020-05-26 13:05:13.044816,27.59
2020-05-26 13:05:13.244863,28.71
2020-05-26 13:05:13.444914,27.67
2020-05-26 13:05:13.644967,28.82
2020-05-26 13:05:13.845015,28.52
2020-05-26 13:05:14.045067,27.22
2020-05-26 13:05:14.245117,28.23
2020-05-26 13:05:14.445165,27.73
2020-05-26 13:05:14.645219,28.03
2020-05-26 13:05:14.845267,27.72
2020-05-26 13:05:15.046315,28.05
2020-05-26 13:05:15.246369,28.35
2020-05-26 13:05:15.446420,28.51
2020-05-26 13:05:15.646449,28.22
2020-05-26 13:05:15.847520,28.88
2020-05-26 13:05:16.047573,27.79
2020-05-26 13:05:16.247620,28.86
2020-05-26 13:05:16.447672,28.52
2020-05-26 13:05:16.647723,27.69
2020-05-26 13:05:16.847771,27.0
2020-05-26 13:05:17.048823,28.2
2020-05-26 13:05:17.248874,28.81
2020-05-26 13:05:17.448922,27.93
2020-05-26 13:05:17.648975,27.11
2020-05-26 13:05:17.849027,27.27
2020-05-26 13:05:18.049073,28.16
2020-05-26 13:05:18.249126,28.85
2020-05-26 13:05:18.449178,27.81
2020-05-26 13:05:18.649228,27.11
2020-05-26 13:05:18.849278,28.25
2020-05-26 13:05:19.049329,28.37
2020-05-26 13:05:19.249379,27.49
2020-05-26 13:05:19.449426,28.25
2020-05-26 13:05:19.649479,27.54
2020-05-26 13:05:19.849532,28.57
2020-05-26 13:05:20.049580,27.22
2020-05-26 13:05:20.249630,27.55
2020-05-26 13:05:20.449681,27.74
2020-05-26 13:05:20.649730,27.7
2020-05-26 13:05:20.849781,28.91
2020-05-26 13:05:21.049833,27.3
2020-05-26 13:05:21.249880,28.07
2020-05-26 13:05:21.449934,28.64
2020-05-26 13:05:21.649984,27.44
2020-05-26 13:05:21.851035,27.47
2020-05-26 13:05:22.051085,28.02
2020-05-26 13:05:22.251137,27.29
2020-05-26 13:05:22.452080,28.32
2020-05-26 13:05:22.652236,28.79
2020-05-26 13:05:22.852288,28.27
2020-05-26 13:05:23.052336,28.13
2020-05-26 13:05:23.252387,27.0
2020-05-26 13:05:23.452439,27.2
2020-05-26 13:05:23.652487,27.0
2020-05-26 13:05:23.852539,28.59
2020-05-26 13:05:24.052588,28.62
2020-05-26 13:05:24.252641,27.6
2020-05-26 13:05:24.452691,28.84
2020-05-26 13:05:24.652742,28.49
2020-05-26 13:05:24.852790,28.31
2020-05-26 13:05:25.053735,27.89
2020-05-26 13:05:25.253894,28.16
2020-05-26 13:05:25.453941,27.32
2020-05-26 13:05:25.653993,28.28
2020-05-26 13:05:25.855044,28.8
2020-05-26 13:05:26.055093,28.53
2020-05-26 13:05:26.255145,27.4
2020-05-26 13:05:26.455195,28.71
2020-05-26 13:05:26.655244,28.52
2020-05-26 13:05:26.855297,27.32
2020-05-26 13:05:27.055348,27.09
2020-05-26 13:05:27.255395,28.34
2020-05-26 13:05:27.455447,27.65
2020-05-26 13:05:27.658392,27.84
2020-05-26 13:05:27.858445,27.96
2020-05-26 13:05:28.058492,27.17
2020-05-26 13:05:28.262543,27.74
2020-05-26 13:05:28.462594,27.21
2020-05-26 13:05:28.662645,28.52
2020-05-26 13:05:28.862696,27.45
2020-05-26 13:05:29.062746,28.88
2020-05-26 13:05:29.262902,27.65
2020-05-26 13:05:29.462956,27.94
2020-05-26 13:05:29.663009,27.12
2020-05-26 13:05:29.863999,27.46
2020-05-26 13:05:30.064105,27.16
2020-05-26 13:05:30.264157,27.16
2020-05-26 13:05:30.464206,28.65
2020-05-26 13:05:30.664256,28.78
2020-05-26 13:05:30.864308,28.93
2020-05-26 13:05:31.064358,27.48
2020-05-26 13:05:31.265301,28.99
2020-05-26 13:05:31.465459,27.72
2020-05-26 13:05:31.665507,27.21
2020-05-26 13:05:31.865560,27.9
2020-05-26 13:05:32.065612,27.95
2020-05-26 13:05:32.265658,28.9
2020-05-26 13:05:32.465711,28.64
2020-05-26 13:05:32.665763,27.2
2020-05-26 13:05:32.865811,28.26
2020-05-26 13:05:33.065862,27.07
2020-05-26 13:05:33.265911,27.23
2020-05-26 13:05:33.465962,28.24
2020-05-26 13:05:33.667014,27.86
2020-05-26 13:05:33.867064,28.21
2020-05-26 13:05:34.067114,28.03
2020-05-26 13:05:34.267166,28.61
2020-05-26 13:05:34.467218,27.65
2020-05-26 13:05:34.667264,27.6
2020-05-26 13:05:34.867317,27.86
2020-05-26 13:05:35.067368,27.49
2020-05-26 13:05:35.267417,27.16
2020-05-26 13:05:35.467468,28.6
2020-05-26 13:05:35.667520,28.14
2020-05-26 13:05:35.867566,27.22
2020-05-26 13:05:36.067618,28.46
2020-05-26 13:05:36.267670,28.02
2020-05-26 13:05:36.467719,28.0
2020-05-26 13:05:36.667770,28.58
2020-05-26 13:05:36.867821,28.81
2020-05-26 13:05:37.067872,27.54
2020-05-26 13:05:37.267922,27.41
2020-05-26 13:05:37.467973,27.36
2020-05-26 13:05:37.668024,28.83
2020-05-26 13:05:37.868072,27.02
2020-05-26 13:05:38.068123,28.89
2020-05-26 13:05:38.269174,27.56
2020-05-26 13:05:38.469224,27.58
2020-05-26 13:05:38.669274,27.94
2020-05-26 13:05:38.869326,28.55
2020-05-26 13:05:39.069376,27.78
2020-05-26 13:05:39.269426,27.57
2020-05-26 13:05:39.469479,28.41
2020-05-26 13:05:39.669526,27.38
2020-05-26 13:05:39.869576,28.27
2020-05-26 13:05:40.070629,27.54
2020-05-26 13:05:40.270676,27.45
2020-05-26 13:05:40.470729,27.58
2020-05-26 13:05:40.670782,27.99
2020-05-26 13:05:40.870830,27.32
2020-05-26 13:05:41.070880,27.8
2020-05-26 13:05:41.270931,28.37
2020-05-26 13:05:41.470982,27.53
2020-05-26 13:05:41.671033,28.58
2020-05-26 13:05:41.871083,27.6
2020-05-26 13:05:42.071131,28.38
2020-05-26 13:05:42.271184,28.33
2020-05-26 13:05:42.471233,27.81
2020-05-26 13:05:42.671282,28.67
2020-05-26 13:05:42.871335,27.13
2020-05-26 13:05:43.071387,27.84
2020-05-26 13:05:43.272329,27.44
2020-05-26 13:05:43.472478,28.81
2020-05-26 13:05:43.672536,28.76
2020-05-26 13:05:43.872585,27.21
2020-05-26 13:05:44.072638,28.3
2020-05-26 13:05:44.272689,28.45
2020-05-26 13:05:44.473633,27.37
2020-05-26 13:05:44.673789,27.39
2020-05-26 13:05:44.873841,28.69
2020-05-26 13:05:45.073888,27.86
2020-05-26 13:05:45.273940,28.97
2020-05-26 13:05:45.473994,27.51
2020-05-26 13:05:45.674040,27.76
2020-05-26 13:05:45.874092,28.23
2020-05-26 13:05:46.074144,27.71
2020-05-26 13:05:46.274193,27.62
2020-05-26 13:05:46.474243,28.34
2020-05-26 13:05:46.674293,28.68
2020-05-26 13:05:46.874344,27.28
2020-05-26 13:05:47.074394,28.16
2020-05-26 13:05:47.274444,28.37
2020-05-26 13:05:47.474496,27.62
2020-05-26 13:05:47.674545,27.93
2020-05-26 13:05:47.874595,27.68
2020-05-26 13:05:48.075540,28.23
2020-05-26 13:05:48.275696,27.18
2020-05-26 13:05:48.476641,28.42
2020-05-26 13:05:48.676696,27.88
2020-05-26 13:05:48.876848,28.37
2020-05-26 13:05:49.076899,28.15
2020-05-26 13:05:49.276951,27.59
2020-05-26 13:05:49.476999,28.54
2020-05-26 13:05:49.677051,28.87
2020-05-26 13:05:49.877102,27.75
2020-05-26 13:05:50.077149,28.06
2020-05-26 13:05:50.277203,28.66
2020-05-26 13:05:50.477254,27.94
2020-05-26 13:05:50.677301,28.57
2020-05-26 13:05:50.877353,28.1
2020-05-26 13:05:51.077403,27.76
2020-05-26 13:05:51.277452,28.12
2020-05-26 13:05:51.477504,28.8
2020-05-26 13:05:51.677557,28.05
2020-05-26 13:05:51.877603,27.47
2020-05-26 13:05:52.077657,28.63
2020-05-26 13:05:52.277708,27.75
2020-05-26 13:05:52.477739,28.88
2020-05-26 13:05:52.678809,27.73
2020-05-26 13:05:52.878857,28.09
2020-05-26 13:05:53.083804,27.49
2020-05-26 13:05:53.283852,27.05
2020-05-26 13:05:53.483901,28.32
2020-05-26 13:05:53.683952,27.51
2020-05-26 13:05:53.884112,28.92
2020-05-26 13:05:54.084162,27.87
2020-05-26 13:05:54.284210,27.9
2020-05-26 13:05:54.484263,27.22
2020-05-26 13:05:54.684313,28.0
2020-05-26 13:05:54.884362,28.42
2020-05-26 13:05:55.084415,27.67
2020-05-26 13:05:55.284465,27.66
2020-05-26 13:05:55.485515,27.59
2020-05-26 13:05:55.685565,28.9
2020-05-26 13:05:55.885617,28.59
2020-05-26 13:05:56.085666,28.48
2020-05-26 13:05:56.285715,28.84
2020-05-26 13:05:56.485768,28.19
2020-05-26 13:05:56.685817,27.73
2020-05-26 13:05:56.885869,28.74
2020-05-26 13:05:57.086919,27.64
2020-05-26 13:05:57.286970,28.24
2020-05-26 13:05:57.487018,27.99
2020-05-26 13:05:57.687963,27.42
2020-05-26 13:05:57.892017,27.05
2020-05-26 13:05:58.093068,27.97
2020-05-26 13:05:58.293224,27.22
2020-05-26 13:05:58.493272,28.12
2020-05-26 13:05:58.693322,27.48
2020-05-26 13:05:58.893373,28.75
2020-05-26 13:05:59.093425,27.19
2020-05-26 13:05:59.293475,28.31
2020-05-26 13:05:59.493526,28.51
2020-05-26 13:05:59.693577,27.61
2020-05-26 13:05:59.893625,27.69
2020-05-26 13:06:00.093676,28.06
2020-05-26 13:06:00.293727,28.08
2020-05-26 13:06:00.493776,28.7
2020-05-26 13:06:00.693828,28.53
2020-05-26 13:06:00.893871,27.68
2020-05-26 13:06:01.093920,27.84
2020-05-26 13:06:01.294980,27.03
2020-05-26 13:06:01.495033,28.49
2020-05-26 13:06:01.695080,27.59
2020-05-26 13:06:01.896130,28.26
2020-05-26 13:06:02.097074,28.47
2020-05-26 13:06:02.297125,28.21
2020-05-26 13:06:02.497282,27.95
2020-05-26 13:06:02.697334,28.48
2020-05-26 13:06:02.897382,28.94
2020-05-26 13:06:03.097434,27.56
2020-05-26 13:06:03.297487,28.74
2020-05-26 13:06:03.497533,27.34
2020-05-26 13:06:03.697585,28.18
2020-05-26 13:06:03.897635,28.06
2020-05-26 13:06:04.097684,27.06
2020-05-26 13:06:04.297737,27.99
2020-05-26 13:06:04.497788,27.61
2020-05-26 13:06:04.697837,27.34
2020-05-26 13:06:04.897887,27.94
2020-05-26 13:06:05.097939,28.24
2020-05-26 13:06:05.297988,28.58
2020-05-26 13:06:05.499040,27.78
2020-05-26 13:06:05.699092,28.59
2020-05-26 13:06:05.899142,27.17
2020-05-26 13:06:06.099191,28.52
2020-05-26 13:06:06.299240,28.42
2020-05-26 13:06:06.500185,27.51
2020-05-26 13:06:06.700235,27.23
2020-05-26 13:06:06.900393,27.36
2020-05-26 13:06:07.100444,28.14
2020-05-26 13:06:07.300494,28.57
2020-05-26 13:06:07.500544,27.93
2020-05-26 13:06:07.700596,27.03
2020-05-26 13:06:07.900643,27.66
2020-05-26 13:06:08.100696,27.55
2020-05-26 13:06:08.300747,28.45
2020-05-26 13:06:08.500795,27.84
2020-05-26 13:06:08.700839,28.03
2020-05-26 13:06:08.900898,28.77
2020-05-26 13:06:09.100946,28.99
2020-05-26 13:06:09.301000,27.08
2020-05-26 13:06:09.501050,28.44
2020-05-26 13:06:09.701097,27.7
2020-05-26 13:06:09.901149,27.72
2020-05-26 13:06:10.101202,27.07
2020-05-26 13:06:10.301249,28.13
2020-05-26 13:06:10.501301,27.23
2020-05-26 13:06:10.701351,27.37
2020-05-26 13:06:10.902296,28.65
2020-05-26 13:06:11.102348,27.96
2020-05-26 13:06:11.302503,27.86
2020-05-26 13:06:11.502552,27.51
2020-05-26 13:06:11.702604,27.04
2020-05-26 13:06:11.902654,28.76
2020-05-26 13:06:12.102703,28.49
2020-05-26 13:06:12.302755,28.48
2020-05-26 13:06:12.502806,28.94
2020-05-26 13:06:12.703751,28.21
2020-05-26 13:06:12.903906,27.68
2020-05-26 13:06:13.103956,28.0
2020-05-26 13:06:13.304006,28.31
2020-05-26 13:06:13.504056,27.38
2020-05-26 13:06:13.705004,27.46
2020-05-26 13:06:13.906158,28.41
2020-05-26 13:06:14.106211,27.62
2020-05-26 13:06:14.306261,27.7
2020-05-26 13:06:14.506310,27.75
2020-05-26 13:06:14.706359,28.67
2020-05-26 13:06:14.906413,27.6
2020-05-26 13:06:15.106462,28.91
2020-05-26 13:06:15.306513,27.11
2020-05-26 13:06:15.506564,27.02
2020-05-26 13:06:15.708508,27.15
2020-05-26 13:06:15.908663,28.64
2020-05-26 13:06:16.108715,27.49
2020-05-26 13:06:16.308766,28.01
2020-05-26 13:06:16.508816,27.69
2020-05-26 13:06:16.708866,27.95
2020-05-26 13:06:16.908917,28.31
2020-05-26 13:06:17.108967,27.78
2020-05-26 13:06:17.309017,27.13
2020-05-26 13:06:17.509069,28.23
2020-05-26 13:06:17.709117,27.98
2020-05-26 13:06:17.909169,27.85
2020-05-26 13:06:18.109220,27.21
2020-05-26 13:06:18.309268,27.0
2020-05-26 13:06:18.509320,27.48
2020-05-26 13:06:18.709371,27.19
2020-05-26 13:06:18.909420,28.02
2020-05-26 13:06:19.109470,27.87
2020-05-26 13:06:19.309522,28.65
2020-05-26 13:06:19.509563,27.01
2020-05-26 13:06:19.710623,28.92
2020-05-26 13:06:19.910677,28.25
2020-05-26 13:06:20.111616,28.06
2020-05-26 13:06:20.311774,27.69
2020-05-26 13:06:20.511825,28.54
2020-05-26 13:06:20.711875,28.71
2020-05-26 13:06:20.911925,27.72
2020-05-26 13:06:21.111977,28.87
2020-05-26 13:06:21.312024,28.4
2020-05-26 13:06:21.512078,28.0
2020-05-26 13:06:21.712128,28.97
2020-05-26 13:06:21.912177,28.28
2020-05-26 13:06:22.112229,27.21
2020-05-26 13:06:22.313170,27.23
2020-05-26 13:06:22.513328,27.93
2020-05-26 13:06:22.713380,28.8
2020-05-26 13:06:22.913431,28.82
2020-05-26 13:06:23.113479,28.25
2020-05-26 13:06:23.313530,28.45
2020-05-26 13:06:23.513583,27.89
2020-05-26 13:06:23.713631,28.02
2020-05-26 13:06:23.913682,27.26
2020-05-26 13:06:24.114735,27.86
2020-05-26 13:06:24.314782,28.08
2020-05-26 13:06:24.515724,27.19
2020-05-26 13:06:24.715884,28.04
2020-05-26 13:06:24.915935,27.3
2020-05-26 13:06:25.115986,27.15
2020-05-26 13:06:25.316036,28.93
2020-05-26 13:06:25.521977,27.64
2020-05-26 13:06:25.722029,28.95
2020-05-26 13:06:25.922188,27.66
2020-05-26 13:06:26.122241,28.81
2020-05-26 13:06:26.322291,27.67
2020-05-26 13:06:26.523231,27.41
2020-05-26 13:06:26.723391,28.83
2020-05-26 13:06:26.923440,28.91
2020-05-26 13:06:27.123490,27.93
2020-05-26 13:06:27.323546,28.28
2020-05-26 13:06:27.524592,27.4
2020-05-26 13:06:27.724644,27.59
2020-05-26 13:06:27.924695,28.58
2020-05-26 13:06:28.124743,28.98
2020-05-26 13:06:28.324796,27.36
2020-05-26 13:06:28.525736,27.22
2020-05-26 13:06:28.725787,28.0
2020-05-26 13:06:28.928849,28.56
2020-05-26 13:06:29.128890,27.36
2020-05-26 13:06:29.328940,28.32
2020-05-26 13:06:29.529097,28.57
2020-05-26 13:06:29.729148,27.97
2020-05-26 13:06:29.929197,27.63
2020-05-26 13:06:30.129250,28.27
2020-05-26 13:06:30.329299,27.65
2020-05-26 13:06:30.529348,28.91
2020-05-26 13:06:30.729401,28.98
2020-05-26 13:06:30.929451,28.01
2020-05-26 13:06:31.129501,27.76
2020-05-26 13:06:31.330553,28.28
2020-05-26 13:06:31.530604,27.17
2020-05-26 13:06:31.730653,27.71
2020-05-26 13:06:31.930704,28.16
2020-05-26 13:06:32.130755,28.83
2020-05-26 13:06:32.330804,27.84
2020-05-26 13:06:32.530855,28.4
2020-05-26 13:06:32.730906,27.93
2020-05-26 13:06:32.930955,28.65
2020-05-26 13:06:33.131007,28.95
2020-05-26 13:06:33.331060,27.7
2020-05-26 13:06:33.531106,27.42
2020-05-26 13:06:33.731156,28.55
2020-05-26 13:06:33.932102,27.03
2020-05-26 13:06:34.132153,28.27
2020-05-26 13:06:34.332311,28.97
2020-05-26 13:06:34.532360,27.78
2020-05-26 13:06:34.732412,28.14
2020-05-26 13:06:34.932461,27.52
2020-05-26 13:06:35.133504,28.07
2020-05-26 13:06:35.333566,28.32
2020-05-26 13:06:35.533613,28.99
2020-05-26 13:06:35.733663,27.23
2020-05-26 13:06:35.934605,27.24
2020-05-26 13:06:36.134764,28.87
2020-05-26 13:06:36.334816,27.04
2020-05-26 13:06:36.534868,28.48
2020-05-26 13:06:36.734914,27.33
2020-05-26 13:06:36.934966,27.62
2020-05-26 13:06:37.135016,27.44
2020-05-26 13:06:37.336067,27.26
2020-05-26 13:06:37.536118,28.9
2020-05-26 13:06:37.736170,27.28
2020-05-26 13:06:37.936210,28.95
2020-05-26 13:06:38.137164,28.8
2020-05-26 13:06:38.337320,27.56
2020-05-26 13:06:38.537369,27.36
2020-05-26 13:06:38.737420,27.58
2020-05-26 13:06:38.938365,27.38
2020-05-26 13:06:39.139519,27.59
2020-05-26 13:06:39.339572,27.96
2020-05-26 13:06:39.539623,27.1
2020-05-26 13:06:39.739671,28.5
2020-05-26 13:06:39.939723,28.1
2020-05-26 13:06:40.139773,27.84
2020-05-26 13:06:40.340716,28.43
2020-05-26 13:06:40.540875,27.29
2020-05-26 13:06:40.740926,28.14
2020-05-26 13:06:40.940973,28.03
2020-05-26 13:06:41.141025,27.78
2020-05-26 13:06:41.341079,27.89
2020-05-26 13:06:41.542021,28.01
2020-05-26 13:06:41.742183,28.54
2020-05-26 13:06:41.942229,28.78
2020-05-26 13:06:42.142276,28.7
2020-05-26 13:06:42.342330,27.41
2020-05-26 13:06:42.542380,28.1
2020-05-26 13:06:42.742430,27.14
2020-05-26 13:06:42.944378,27.15
2020-05-26 13:06:43.144532,28.32
2020-05-26 13:06:43.344582,27.25
2020-05-26 13:06:43.544631,27.16
2020-05-26 13:06:43.744686,28.99
2020-05-26 13:06:43.944732,27.01
2020-05-26 13:06:44.144784,28.11
2020-05-26 13:06:44.344833,28.79
2020-05-26 13:06:44.544884,27.76
2020-05-26 13:06:44.744933,28.5
2020-05-26 13:06:44.945985,27.48
2020-05-26 13:06:45.146037,28.55
2020-05-26 13:06:45.346086,27.83
2020-05-26 13:06:45.546137,27.25
2020-05-26 13:06:45.746188,28.53
2020-05-26 13:06:45.946237,28.9
2020-05-26 13:06:46.146288,27.13
2020-05-26 13:06:46.346340,27.58
2020-05-26 13:06:46.546386,28.22
2020-05-26 13:06:46.746438,28.14
2020-05-26 13:06:46.946492,28.93
2020-05-26 13:06:47.146541,28.05
2020-05-26 13:06:47.347489,28.65
2020-05-26 13:06:47.547536,27.0
2020-05-26 13:06:47.747690,28.08
2020-05-26 13:06:47.947742,27.82
2020-05-26 13:06:48.147794,28.39
2020-05-26 13:06:48.347841,28.62
2020-05-26 13:06:48.547894,28.8
2020-05-26 13:06:48.747943,27.27
2020-05-26 13:06:48.947992,27.53
2020-05-26 13:06:49.148045,28.97
2020-05-26 13:06:49.348094,27.75
2020-05-26 13:06:49.548144,28.43
2020-05-26 13:06:49.748196,28.55
2020-05-26 13:06:49.948247,27.81
2020-05-26 13:06:50.148295,27.89
2020-05-26 13:06:50.348348,27.49
2020-05-26 13:06:50.548399,28.69
2020-05-26 13:06:50.748446,27.79
2020-05-26 13:06:50.948498,28.15
2020-05-26 13:06:51.148549,27.07
2020-05-26 13:06:51.348598,28.78
2020-05-26 13:06:51.548648,28.38
2020-05-26 13:06:51.748699,27.8
2020-05-26 13:06:51.950649,27.75
2020-05-26 13:06:52.150802,27.18
2020-05-26 13:06:52.350853,27.68
2020-05-26 13:06:52.550902,27.07
2020-05-26 13:06:52.750953,28.54
2020-05-26 13:06:52.951006,27.54
2020-05-26 13:06:53.151055,27.49
2020-05-26 13:06:53.351104,28.99
2020-05-26 13:06:53.551154,28.07
2020-05-26 13:06:53.752098,27.28
2020-05-26 13:06:53.952146,28.68
2020-05-26 13:06:54.152197,27.67
2020-05-26 13:06:54.352250,27.03
2020-05-26 13:06:54.552407,28.91
2020-05-26 13:06:54.752458,28.8
2020-05-26 13:06:54.952507,27.01
2020-05-26 13:06:55.152556,27.45
2020-05-26 13:06:55.353608,28.62
2020-05-26 13:06:55.553661,28.52
2020-05-26 13:06:55.753709,28.43
2020-05-26 13:06:55.953760,27.88
2020-05-26 13:06:56.154711,28.57
2020-05-26 13:06:56.354859,28.19
2020-05-26 13:06:56.554912,27.13
2020-05-26 13:06:56.754964,28.01
2020-05-26 13:06:56.955011,28.56
2020-05-26 13:06:57.155060,28.54
2020-05-26 13:06:57.355116,28.31
2020-05-26 13:06:57.555162,27.47
2020-05-26 13:06:57.755214,27.15
2020-05-26 13:06:57.955264,27.94
2020-05-26 13:06:58.155314,28.7
2020-05-26 13:06:58.355366,27.48
2020-05-26 13:06:58.555417,27.0
2020-05-26 13:06:58.755465,28.42
2020-05-26 13:06:58.955518,27.21
2020-05-26 13:06:59.155560,28.83
2020-05-26 13:06:59.355617,27.96
2020-05-26 13:06:59.555670,27.74
2020-05-26 13:06:59.755721,27.98
2020-05-26 13:06:59.955768,28.96
2020-05-26 13:07:00.155819,28.28
2020-05-26 13:07:00.355869,27.6
2020-05-26 13:07:00.555919,28.52
2020-05-26 13:07:00.756866,28.18
2020-05-26 13:07:00.957022,28.69
2020-05-26 13:07:01.157070,27.53
2020-05-26 13:07:01.357123,28.84
2020-05-26 13:07:01.557174,28.12
2020-05-26 13:07:01.757212,27.22
2020-05-26 13:07:01.958275,27.32
2020-05-26 13:07:02.158324,27.92
2020-05-26 13:07:02.358374,28.25
2020-05-26 13:07:02.558426,27.31
2020-05-26 13:07:02.758476,27.96
2020-05-26 13:07:02.958528,28.53
2020-05-26 13:07:03.158575,27.96
2020-05-26 13:07:03.358627,28.29
2020-05-26 13:07:03.558679,28.33
2020-05-26 13:07:03.759621,28.19
2020-05-26 13:07:03.959672,28.98
2020-05-26 13:07:04.162723,27.32
2020-05-26 13:07:04.362772,28.22
2020-05-26 13:07:04.562832,28.09
2020-05-26 13:07:04.762874,28.73
2020-05-26 13:07:04.962927,28.15
2020-05-26 13:07:05.163081,28.05
2020-05-26 13:07:05.363134,27.83
2020-05-26 13:07:05.563181,28.47
2020-05-26 13:07:05.763234,27.42
2020-05-26 13:07:05.963285,27.91
2020-05-26 13:07:06.163333,28.85
2020-05-26 13:07:06.363384,27.1
2020-05-26 13:07:06.563435,27.23
2020-05-26 13:07:06.763484,27.02
2020-05-26 13:07:06.963536,28.43
2020-05-26 13:07:07.163587,28.09
2020-05-26 13:07:07.363637,27.32
2020-05-26 13:07:07.563687,27.57
2020-05-26 13:07:07.763739,28.2
2020-05-26 13:07:07.964682,27.79
2020-05-26 13:07:08.164840,27.53
2020-05-26 13:07:08.364889,27.81
2020-05-26 13:07:08.564938,27.16
2020-05-26 13:07:08.764989,27.27
2020-05-26 13:07:08.965041,28.17
2020-05-26 13:07:09.165089,27.67
2020-05-26 13:07:09.365141,28.89
2020-05-26 13:07:09.566086,28.28
2020-05-26 13:07:09.766240,28.11
2020-05-26 13:07:09.966293,28.06
2020-05-26 13:07:10.166344,27.97
2020-05-26 13:07:10.366393,27.47
2020-05-26 13:07:10.567445,27.51
2020-05-26 13:07:10.767497,28.25
2020-05-26 13:07:10.967546,27.62
2020-05-26 13:07:11.167595,28.91
2020-05-26 13:07:11.367649,27.71
2020-05-26 13:07:11.567700,28.5
2020-05-26 13:07:11.767749,27.08
2020-05-26 13:07:11.967799,28.15
2020-05-26 13:07:12.167851,27.69
2020-05-26 13:07:12.367900,28.9
2020-05-26 13:07:12.567951,27.91
2020-05-26 13:07:12.768003,27.49
2020-05-26 13:07:12.968050,27.95
2020-05-26 13:07:13.168102,27.4
2020-05-26 13:07:13.368153,28.63
2020-05-26 13:07:13.568201,27.67
2020-05-26 13:07:13.768253,27.11
2020-05-26 13:07:13.969195,28.77
2020-05-26 13:07:14.169247,28.51
2020-05-26 13:07:14.369403,28.62
2020-05-26 13:07:14.569455,27.61
2020-05-26 13:07:14.769504,28.89
2020-05-26 13:07:14.969555,27.68
2020-05-26 13:07:15.169606,27.88
2020-05-26 13:07:15.369655,27.24
2020-05-26 13:07:15.569707,27.58
2020-05-26 13:07:15.769757,28.57
2020-05-26 13:07:15.969806,28.15
2020-05-26 13:07:16.169857,27.93
2020-05-26 13:07:16.369910,27.86
2020-05-26 13:07:16.569958,28.22
2020-05-26 13:07:16.770010,27.78
2020-05-26 13:07:16.970061,28.71
2020-05-26 13:07:17.170108,28.87
2020-05-26 13:07:17.370160,27.41
2020-05-26 13:07:17.570210,28.16
2020-05-26 13:07:17.770260,27.21
2020-05-26 13:07:17.971312,27.16
2020-05-26 13:07:18.171362,28.05
2020-05-26 13:07:18.371411,27.41
2020-05-26 13:07:18.571461,27.45
2020-05-26 13:07:18.771516,27.72
2020-05-26 13:07:18.972462,27.34
2020-05-26 13:07:19.172614,27.65
2020-05-26 13:07:19.373611,27.25
2020-05-26 13:07:19.573716,28.36
2020-05-26 13:07:19.773767,28.99
2020-05-26 13:07:19.973819,28.71
2020-05-26 13:07:20.174868,27.79
2020-05-26 13:07:20.374919,27.26
2020-05-26 13:07:20.574970,28.47
2020-05-26 13:07:20.775019,28.24
2020-05-26 13:07:20.975069,28.5
2020-05-26 13:07:21.175121,27.06
2020-05-26 13:07:21.375171,28.33
2020-05-26 13:07:21.576220,28.1
2020-05-26 13:07:21.776270,27.46
2020-05-26 13:07:21.976325,27.79
2020-05-26 13:07:22.176372,27.34
2020-05-26 13:07:22.376424,28.94
2020-05-26 13:07:22.576474,28.81
2020-05-26 13:07:22.776523,27.14
2020-05-26 13:07:22.976574,28.51
2020-05-26 13:07:23.177518,28.81
2020-05-26 13:07:23.377674,28.19
2020-05-26 13:07:23.578725,27.38
2020-05-26 13:07:23.778777,28.19
2020-05-26 13:07:23.979827,27.81
2020-05-26 13:07:24.179877,27.29
2020-05-26 13:07:24.379928,28.52
2020-05-26 13:07:24.579978,28.81
2020-05-26 13:07:24.780028,27.03
2020-05-26 13:07:24.980079,28.04
2020-05-26 13:07:25.180128,27.44
2020-05-26 13:07:25.380180,27.18
2020-05-26 13:07:25.580232,27.55
2020-05-26 13:07:25.780279,28.12
2020-05-26 13:07:25.980332,28.77
2020-05-26 13:07:26.180383,28.14
2020-05-26 13:07:26.380431,28.59
2020-05-26 13:07:26.580483,28.44
2020-05-26 13:07:26.780532,28.0
2020-05-26 13:07:26.980581,27.89
2020-05-26 13:07:27.180634,27.36
2020-05-26 13:07:27.380686,28.07
2020-05-26 13:07:27.580733,27.89
2020-05-26 13:07:27.781677,28.92
2020-05-26 13:07:27.981838,28.9
2020-05-26 13:07:28.181885,28.4
2020-05-26 13:07:28.381937,27.38
2020-05-26 13:07:28.581988,28.5
2020-05-26 13:07:28.782036,27.58
2020-05-26 13:07:28.982089,28.15
2020-05-26 13:07:29.182142,28.13
2020-05-26 13:07:29.382187,27.71
2020-05-26 13:07:29.582240,27.42
2020-05-26 13:07:29.782291,28.47
2020-05-26 13:07:29.982339,27.72
2020-05-26 13:07:30.182391,28.02
2020-05-26 13:07:30.382441,28.47
2020-05-26 13:07:30.582491,27.8
2020-05-26 13:07:30.782540,27.76
2020-05-26 13:07:30.982593,27.59
2020-05-26 13:07:31.182641,27.15
2020-05-26 13:07:31.382692,28.09
2020-05-26 13:07:31.582743,27.14
2020-05-26 13:07:31.782796,28.48
2020-05-26 13:07:31.982843,28.87
2020-05-26 13:07:32.183839,27.95
2020-05-26 13:07:32.383948,28.09
2020-05-26 13:07:32.583996,28.34
2020-05-26 13:07:32.784046,28.82
2020-05-26 13:07:32.984100,28.56
2020-05-26 13:07:33.184147,28.43
2020-05-26 13:07:33.385097,27.8
2020-05-26 13:07:33.585250,28.44
2020-05-26 13:07:33.785298,27.2
2020-05-26 13:07:33.985349,27.58
2020-05-26 13:07:34.185401,28.33
2020-05-26 13:07:34.385451,27.29
2020-05-26 13:07:34.585502,27.84
2020-05-26 13:07:34.785552,28.22
2020-05-26 13:07:34.985600,27.41
2020-05-26 13:07:35.185652,28.67
2020-05-26 13:07:35.385705,28.98
2020-05-26 13:07:35.585752,28.44
2020-05-26 13:07:35.785804,28.87
2020-05-26 13:07:35.985854,28.82
2020-05-26 13:07:36.186796,27.29
2020-05-26 13:07:36.386956,27.11
2020-05-26 13:07:36.587898,27.36
2020-05-26 13:07:36.788056,27.53
2020-05-26 13:07:36.988107,28.32
2020-05-26 13:07:37.188158,27.04
2020-05-26 13:07:37.388205,28.45
2020-05-26 13:07:37.588257,27.22
2020-05-26 13:07:37.788309,27.06
2020-05-26 13:07:37.988357,27.29
2020-05-26 13:07:38.188408,28.69
2020-05-26 13:07:38.391354,27.8
2020-05-26 13:07:38.591509,28.69
2020-05-26 13:07:38.791561,27.23
2020-05-26 13:07:38.991612,28.5
2020-05-26 13:07:39.191661,28.44
2020-05-26 13:07:39.391714,27.05
2020-05-26 13:07:39.591762,27.7
2020-05-26 13:07:39.791814,27.97
2020-05-26 13:07:39.991863,27.51
2020-05-26 13:07:40.191915,28.08
2020-05-26 13:07:40.392857,28.6
2020-05-26 13:07:40.594016,27.67
2020-05-26 13:07:40.794066,27.58
2020-05-26 13:07:40.994117,27.58
2020-05-26 13:07:41.195062,27.29
2020-05-26 13:07:41.395219,28.19
2020-05-26 13:07:41.595270,28.84
2020-05-26 13:07:41.795320,27.36
2020-05-26 13:07:41.995370,27.94
2020-05-26 13:07:42.195420,27.51
2020-05-26 13:07:42.395469,28.68
2020-05-26 13:07:42.595520,28.12
2020-05-26 13:07:42.795572,27.26
2020-05-26 13:07:42.996621,27.2
2020-05-26 13:07:43.197563,27.46
2020-05-26 13:07:43.397725,27.91
2020-05-26 13:07:43.597771,28.65
2020-05-26 13:07:43.797824,28.18
2020-05-26 13:07:43.997876,27.84
2020-05-26 13:07:44.197914,28.39
2020-05-26 13:07:44.397976,28.27
2020-05-26 13:07:44.598017,28.13
2020-05-26 13:07:44.798076,28.14
2020-05-26 13:07:44.998126,27.02
2020-05-26 13:07:45.198178,27.03
2020-05-26 13:07:45.398225,27.58
2020-05-26 13:07:45.599277,28.8
2020-05-26 13:07:45.799331,27.52
2020-05-26 13:07:45.999378,28.63
2020-05-26 13:07:46.199430,27.88
2020-05-26 13:07:46.399483,27.46
2020-05-26 13:07:46.599529,27.46
2020-05-26 13:07:46.799579,27.1
2020-05-26 13:07:47.000526,28.76
2020-05-26 13:07:47.200681,27.19
2020-05-26 13:07:47.400731,28.71
2020-05-26 13:07:47.601784,27.06
2020-05-26 13:07:47.801832,27.17
2020-05-26 13:07:48.001884,28.43
2020-05-26 13:07:48.201935,27.1
2020-05-26 13:07:48.401983,27.61
2020-05-26 13:07:48.602035,28.09
2020-05-26 13:07:48.802086,28.71
2020-05-26 13:07:49.002135,28.44
2020-05-26 13:07:49.202186,27.83
2020-05-26 13:07:49.402236,27.17
2020-05-26 13:07:49.603177,27.75
2020-05-26 13:07:49.803336,27.76
2020-05-26 13:07:50.003388,28.99
2020-05-26 13:07:50.204331,28.93
2020-05-26 13:07:50.404489,28.62
2020-05-26 13:07:50.604497,27.12
2020-05-26 13:07:50.804530,27.72
2020-05-26 13:07:51.004532,28.95
2020-05-26 13:07:51.204582,28.1
2020-05-26 13:07:51.404635,28.27
2020-05-26 13:07:51.604684,27.83
2020-05-26 13:07:51.804841,28.96
2020-05-26 13:07:52.005894,28.4
2020-05-26 13:07:52.205942,28.48
2020-05-26 13:07:52.406995,28.4
2020-05-26 13:07:52.607046,27.15
2020-05-26 13:07:52.807094,27.95
2020-05-26 13:07:53.007145,27.13
2020-05-26 13:07:53.207198,28.18
2020-05-26 13:07:53.407245,28.2
2020-05-26 13:07:53.607296,28.58
2020-05-26 13:07:53.807348,28.51
2020-05-26 13:07:54.007396,28.94
2020-05-26 13:07:54.207448,28.07
2020-05-26 13:07:54.407498,28.17
2020-05-26 13:07:54.608440,28.44
2020-05-26 13:07:54.808491,28.44
2020-05-26 13:07:55.008544,27.28
2020-05-26 13:07:55.209700,28.71
2020-05-26 13:07:55.410750,28.44
2020-05-26 13:07:55.610803,27.42
2020-05-26 13:07:55.810851,28.98
2020-05-26 13:07:56.010904,27.69
2020-05-26 13:07:56.210953,28.52
2020-05-26 13:07:56.411004,27.71
2020-05-26 13:07:56.611054,28.98
2020-05-26 13:07:56.811105,27.46
2020-05-26 13:07:57.011153,27.66
2020-05-26 13:07:57.211206,28.49
2020-05-26 13:07:57.411257,27.99
2020-05-26 13:07:57.611306,28.01
2020-05-26 13:07:57.811357,27.28
2020-05-26 13:07:58.011408,27.06
2020-05-26 13:07:58.211457,28.77
2020-05-26 13:07:58.411508,28.45
2020-05-26 13:07:58.611559,27.31
2020-05-26 13:07:58.812609,27.08
2020-05-26 13:07:59.012659,28.68
2020-05-26 13:07:59.212710,28.28
2020-05-26 13:07:59.412761,27.16
2020-05-26 13:07:59.612811,28.09
2020-05-26 13:07:59.812862,27.78
2020-05-26 13:08:00.018807,27.38
2020-05-26 13:08:00.218964,27.81
2020-05-26 13:08:00.419014,27.1
2020-05-26 13:08:00.619066,27.02
2020-05-26 13:08:00.819114,27.58
2020-05-26 13:08:01.019166,27.0
2020-05-26 13:08:01.219219,28.89
2020-05-26 13:08:01.419266,28.76
2020-05-26 13:08:01.619316,27.55
2020-05-26 13:08:01.819371,27.89
2020-05-26 13:08:02.019416,28.45
2020-05-26 13:08:02.219469,28.6
2020-05-26 13:08:02.419521,28.93
2020-05-26 13:08:02.619570,28.47
2020-05-26 13:08:02.819619,27.92
2020-05-26 13:08:03.019671,28.82
2020-05-26 13:08:03.219718,27.75
2020-05-26 13:08:03.419770,27.6
2020-05-26 13:08:03.619823,28.17
2020-05-26 13:08:03.819872,27.06
2020-05-26 13:08:04.019923,27.14
2020-05-26 13:08:04.219974,28.88
2020-05-26 13:08:04.420020,27.06
2020-05-26 13:08:04.620975,27.13
2020-05-26 13:08:04.821019,28.44
2020-05-26 13:08:05.021173,28.43
2020-05-26 13:08:05.221225,27.21
2020-05-26 13:08:05.422168,27.63
2020-05-26 13:08:05.622218,27.95
2020-05-26 13:08:05.822375,27.52
2020-05-26 13:08:06.022427,28.1
2020-05-26 13:08:06.222476,28.89
2020-05-26 13:08:06.422530,28.75
2020-05-26 13:08:06.623580,27.71
2020-05-26 13:08:06.823626,28.12
2020-05-26 13:08:07.023681,28.48
2020-05-26 13:08:07.223732,28.57
2020-05-26 13:08:07.423780,28.12
2020-05-26 13:08:07.623830,28.34
2020-05-26 13:08:07.823883,28.87
2020-05-26 13:08:08.023930,27.26
2020-05-26 13:08:08.223975,27.77
2020-05-26 13:08:08.424033,28.6
2020-05-26 13:08:08.624083,27.24
2020-05-26 13:08:08.824132,27.65
2020-05-26 13:08:09.024184,27.12
2020-05-26 13:08:09.224236,28.07
2020-05-26 13:08:09.424284,27.52
2020-05-26 13:08:09.624335,28.71
2020-05-26 13:08:09.824380,28.7
2020-05-26 13:08:10.024436,28.44
2020-05-26 13:08:10.224487,28.08
2020-05-26 13:08:10.424539,28.31
2020-05-26 13:08:10.624586,28.38
2020-05-26 13:08:10.824637,28.29
2020-05-26 13:08:11.024690,28.1
2020-05-26 13:08:11.224736,27.61
2020-05-26 13:08:11.424790,27.63
2020-05-26 13:08:11.624841,28.17
2020-05-26 13:08:11.824889,28.35
2020-05-26 13:08:12.024938,28.78
2020-05-26 13:08:12.224992,28.79
2020-05-26 13:08:12.425042,27.42
2020-05-26 13:08:12.625987,27.96
2020-05-26 13:08:12.826143,28.9
2020-05-26 13:08:13.026192,28.88
2020-05-26 13:08:13.226243,28.22
2020-05-26 13:08:13.427294,27.32
2020-05-26 13:08:13.627344,28.27
2020-05-26 13:08:13.828395,28.83
2020-05-26 13:08:14.028448,27.14
2020-05-26 13:08:14.228495,27.7
2020-05-26 13:08:14.429440,28.65
2020-05-26 13:08:14.629513,28.79
2020-05-26 13:08:14.829540,28.36
2020-05-26 13:08:15.029700,27.92
2020-05-26 13:08:15.229749,27.39
2020-05-26 13:08:15.429797,28.38
2020-05-26 13:08:15.629842,27.82
2020-05-26 13:08:15.829902,27.81
2020-05-26 13:08:16.029948,27.63
2020-05-26 13:08:16.230000,28.33
2020-05-26 13:08:16.430054,28.62
2020-05-26 13:08:16.630099,27.61
2020-05-26 13:08:16.830153,28.44
2020-05-26 13:08:17.030204,28.55
2020-05-26 13:08:17.231251,28.94
2020-05-26 13:08:17.431304,27.97
2020-05-26 13:08:17.631354,27.38
2020-05-26 13:08:17.831405,28.0
2020-05-26 13:08:18.031455,27.25
2020-05-26 13:08:18.231497,27.25
2020-05-26 13:08:18.431556,28.6
2020-05-26 13:08:18.631608,28.72
2020-05-26 13:08:18.831658,27.78
2020-05-26 13:08:19.031709,28.08
2020-05-26 13:08:19.231756,27.49
2020-05-26 13:08:19.431809,27.92
2020-05-26 13:08:19.631859,27.63
2020-05-26 13:08:19.831907,27.35
2020-05-26 13:08:20.031960,28.9
2020-05-26 13:08:20.232012,28.43
2020-05-26 13:08:20.432058,27.91
2020-05-26 13:08:20.632111,27.34
2020-05-26 13:08:20.832164,27.6
2020-05-26 13:08:21.032212,27.63
2020-05-26 13:08:21.232262,27.97
2020-05-26 13:08:21.432314,27.55
2020-05-26 13:08:21.633363,28.51
2020-05-26 13:08:21.833414,28.5
2020-05-26 13:08:22.033467,28.22
2020-05-26 13:08:22.233514,28.12
2020-05-26 13:08:22.433565,28.32
2020-05-26 13:08:22.633616,28.11
2020-05-26 13:08:22.833664,27.28
2020-05-26 13:08:23.033718,27.71
2020-05-26 13:08:23.234767,27.46
2020-05-26 13:08:23.434815,27.64
2020-05-26 13:08:23.634870,27.11
2020-05-26 13:08:23.834921,28.01
2020-05-26 13:08:24.034969,27.55
2020-05-26 13:08:24.235020,28.98
2020-05-26 13:08:24.435070,28.85
2020-05-26 13:08:24.635118,27.96
2020-05-26 13:08:24.836064,27.56
2020-05-26 13:08:25.036114,27.23
2020-05-26 13:08:25.236164,28.37
2020-05-26 13:08:25.436248,28.75
2020-05-26 13:08:25.636376,27.73
2020-05-26 13:08:25.836423,27.57
2020-05-26 13:08:26.036472,27.87
2020-05-26 13:08:26.236525,27.44
2020-05-26 13:08:26.436575,28.34
2020-05-26 13:08:26.636625,28.62
2020-05-26 13:08:26.836675,27.15
2020-05-26 13:08:27.036726,28.65
2020-05-26 13:08:27.236776,28.35
2020-05-26 13:08:27.436826,27.63
2020-05-26 13:08:27.636875,28.36
2020-05-26 13:08:27.836927,28.7
2020-05-26 13:08:28.036977,27.41
2020-05-26 13:08:28.237029,27.46
2020-05-26 13:08:28.437078,27.96
2020-05-26 13:08:28.663029,28.48
2020-05-26 13:08:28.864078,28.98
2020-05-26 13:08:29.064129,27.41
2020-05-26 13:08:29.264177,28.28
2020-05-26 13:08:29.464230,28.73
2020-05-26 13:08:29.664280,28.21
2020-05-26 13:08:29.864331,28.25
2020-05-26 13:08:30.064383,28.01
2020-05-26 13:08:30.264437,27.62
2020-05-26 13:08:30.464482,27.01
2020-05-26 13:08:30.664535,28.07
2020-05-26 13:08:30.864585,27.2
2020-05-26 13:08:31.065633,27.01
2020-05-26 13:08:31.266688,27.76
2020-05-26 13:08:31.466736,27.17
2020-05-26 13:08:31.666787,28.82
2020-05-26 13:08:31.866833,27.56
2020-05-26 13:08:32.066884,27.61
2020-05-26 13:08:32.266934,27.49
2020-05-26 13:08:32.467088,28.66
2020-05-26 13:08:32.673040,27.2
2020-05-26 13:08:32.874089,28.06
2020-05-26 13:08:33.074140,28.94
2020-05-26 13:08:33.274191,27.25
2020-05-26 13:08:33.474240,28.62
2020-05-26 13:08:33.674294,28.85
2020-05-26 13:08:33.902349,28.83
2020-05-26 13:08:34.105402,27.98
2020-05-26 13:08:34.305447,28.14
2020-05-26 13:08:34.505498,27.84
2020-05-26 13:08:34.705566,28.02
2020-05-26 13:08:34.905598,28.7
2020-05-26 13:08:35.105752,27.88
2020-05-26 13:08:35.305802,27.92
2020-05-26 13:08:35.505863,28.91
2020-05-26 13:08:35.705910,28.56
2020-05-26 13:08:35.906962,27.27
2020-05-26 13:08:36.107013,27.41
2020-05-26 13:08:36.307063,27.76
2020-05-26 13:08:36.508003,28.23
2020-05-26 13:08:36.708057,27.97
2020-05-26 13:08:36.908105,27.98
2020-05-26 13:08:37.108159,28.41
2020-05-26 13:08:37.308206,27.97
2020-05-26 13:08:37.512259,27.07
2020-05-26 13:08:37.712310,27.59
2020-05-26 13:08:37.912468,27.07
2020-05-26 13:08:38.112517,27.52
2020-05-26 13:08:38.312567,27.9
2020-05-26 13:08:38.512619,27.79
2020-05-26 13:08:38.712669,28.04
2020-05-26 13:08:38.913719,27.3
2020-05-26 13:08:39.113773,28.17
2020-05-26 13:08:39.313822,28.85
2020-05-26 13:08:39.514762,28.99
2020-05-26 13:08:39.714922,27.49
2020-05-26 13:08:39.914972,28.35
2020-05-26 13:08:40.115943,27.27
2020-05-26 13:08:40.316073,28.61
2020-05-26 13:08:40.517016,27.71
2020-05-26 13:08:40.717174,28.18
2020-05-26 13:08:40.917226,27.8
2020-05-26 13:08:41.117277,28.16
2020-05-26 13:08:41.317325,28.89
2020-05-26 13:08:41.518266,27.73
2020-05-26 13:08:41.718365,27.94
2020-05-26 13:08:41.918369,27.31
2020-05-26 13:08:42.118421,28.52
2020-05-26 13:08:42.318472,28.21
2020-05-26 13:08:42.518520,27.07
2020-05-26 13:08:42.718572,28.43
2020-05-26 13:08:42.918622,27.05
2020-05-26 13:08:43.118780,28.67
2020-05-26 13:08:43.318784,28.08
2020-05-26 13:08:43.519773,28.29
2020-05-26 13:08:43.719929,28.18
2020-05-26 13:08:43.920984,28.18
2020-05-26 13:08:44.121034,28.88
2020-05-26 13:08:44.321082,28.1
2020-05-26 13:08:44.522025,28.07
2020-05-26 13:08:44.722077,27.08
2020-05-26 13:08:44.922234,28.37
2020-05-26 13:08:45.123176,28.34
2020-05-26 13:08:45.323338,28.59
2020-05-26 13:08:45.524385,28.69
2020-05-26 13:08:45.724436,27.45
2020-05-26 13:08:45.924501,28.02
2020-05-26 13:08:46.124535,28.81
2020-05-26 13:08:46.324589,28.39
2020-05-26 13:08:46.524640,27.77
2020-05-26 13:08:46.724688,28.92
2020-05-26 13:08:46.924740,27.96
2020-05-26 13:08:47.124790,28.06
2020-05-26 13:08:47.324839,28.0
2020-05-26 13:08:47.525782,27.44
2020-05-26 13:08:47.725943,27.97
2020-05-26 13:08:47.925991,27.92
2020-05-26 13:08:48.126043,27.97
2020-05-26 13:08:48.326085,28.16
2020-05-26 13:08:48.526144,27.42
2020-05-26 13:08:48.726194,28.87
2020-05-26 13:08:48.926245,27.98
2020-05-26 13:08:49.126295,27.12
2020-05-26 13:08:49.326346,28.01
2020-05-26 13:08:49.527290,27.44
2020-05-26 13:08:49.727448,28.1
2020-05-26 13:08:49.927497,27.78
2020-05-26 13:08:50.127547,28.67
2020-05-26 13:08:50.327589,27.63
2020-05-26 13:08:50.527647,28.49
2020-05-26 13:08:50.727699,27.22
2020-05-26 13:08:50.928641,28.5
2020-05-26 13:08:51.128800,27.78
2020-05-26 13:08:51.328851,28.76
2020-05-26 13:08:51.529901,27.57
2020-05-26 13:08:51.729950,28.91
2020-05-26 13:08:51.930002,27.47
2020-05-26 13:08:52.130054,27.43
2020-05-26 13:08:52.330103,28.26
2020-05-26 13:08:52.530153,28.88
2020-05-26 13:08:52.730205,28.86
2020-05-26 13:08:52.930252,27.94
2020-05-26 13:08:53.130306,28.46
2020-05-26 13:08:53.331248,27.65
2020-05-26 13:08:53.531405,27.09
2020-05-26 13:08:53.731455,27.61
2020-05-26 13:08:53.931507,27.34
2020-05-26 13:08:54.132451,27.9
2020-05-26 13:08:54.332608,28.66
2020-05-26 13:08:54.532659,28.34
2020-05-26 13:08:54.732707,27.36
2020-05-26 13:08:54.932760,27.87
2020-05-26 13:08:55.142705,27.32
2020-05-26 13:08:55.342754,27.43
2020-05-26 13:08:55.542802,27.32
2020-05-26 13:08:55.742855,28.05
2020-05-26 13:08:55.942906,27.01
2020-05-26 13:08:56.143064,28.99
2020-05-26 13:08:56.343114,27.1
2020-05-26 13:08:56.543163,27.14
2020-05-26 13:08:56.743216,27.82
2020-05-26 13:08:56.943266,27.75
2020-05-26 13:08:57.143313,27.5
2020-05-26 13:08:57.343366,28.83
2020-05-26 13:08:57.543418,28.66
2020-05-26 13:08:57.743468,27.72
2020-05-26 13:08:57.943518,27.83
2020-05-26 13:08:58.143569,27.58
2020-05-26 13:08:58.344513,28.6
2020-05-26 13:08:58.544671,27.24
2020-05-26 13:08:58.744720,28.55
2020-05-26 13:08:58.944773,27.45
2020-05-26 13:08:59.144819,28.94
2020-05-26 13:08:59.345872,27.55
2020-05-26 13:08:59.545923,27.05
2020-05-26 13:08:59.745973,27.41
2020-05-26 13:08:59.946024,27.03
2020-05-26 13:09:00.146075,28.18
2020-05-26 13:09:00.346115,27.14
2020-05-26 13:09:00.546174,28.83
2020-05-26 13:09:00.746226,27.13
2020-05-26 13:09:00.946274,27.04
2020-05-26 13:09:01.146326,28.54
2020-05-26 13:09:01.346378,27.84
2020-05-26 13:09:01.546425,28.21
2020-05-26 13:09:01.746476,27.56
2020-05-26 13:09:01.946530,27.59
2020-05-26 13:09:02.146576,27.14
2020-05-26 13:09:02.346628,28.13
2020-05-26 13:09:02.546680,28.9
2020-05-26 13:09:02.746729,27.14
2020-05-26 13:09:02.947779,27.52
2020-05-26 13:09:03.148724,28.6
2020-05-26 13:09:03.348774,27.77
2020-05-26 13:09:03.548932,27.42
2020-05-26 13:09:03.748982,28.8
2020-05-26 13:09:03.949031,27.65
2020-05-26 13:09:04.149083,28.43
2020-05-26 13:09:04.349136,28.26
2020-05-26 13:09:04.549182,28.38
2020-05-26 13:09:04.749234,28.41
2020-05-26 13:09:04.950288,27.61
2020-05-26 13:09:05.150333,28.93
2020-05-26 13:09:05.351275,28.23
2020-05-26 13:09:05.551435,28.53
2020-05-26 13:09:05.751486,28.27
2020-05-26 13:09:05.952537,27.99
2020-05-26 13:09:06.152586,28.76
2020-05-26 13:09:06.352637,28.55
2020-05-26 13:09:06.552689,27.52
2020-05-26 13:09:06.752742,27.76
2020-05-26 13:09:06.952788,28.55
2020-05-26 13:09:07.152839,27.66
2020-05-26 13:09:07.352891,28.27
2020-05-26 13:09:07.552941,27.38
2020-05-26 13:09:07.752993,28.18
2020-05-26 13:09:07.953041,28.22
2020-05-26 13:09:08.153990,27.42
2020-05-26 13:09:08.354036,27.4
2020-05-26 13:09:08.554192,28.72
2020-05-26 13:09:08.754243,28.26
2020-05-26 13:09:08.954292,27.11
2020-05-26 13:09:09.154344,27.71
2020-05-26 13:09:09.354395,27.9
2020-05-26 13:09:09.554445,28.08
2020-05-26 13:09:09.755389,27.03
2020-05-26 13:09:09.955441,27.63
2020-05-26 13:09:10.155594,28.36
2020-05-26 13:09:10.355646,28.86
2020-05-26 13:09:10.555698,27.3
2020-05-26 13:09:10.755746,27.75
2020-05-26 13:09:10.955798,28.34
2020-05-26 13:09:11.155849,28.01
2020-05-26 13:09:11.355891,27.03
2020-05-26 13:09:11.555950,28.56
2020-05-26 13:09:11.757001,28.25
2020-05-26 13:09:11.957050,27.56
2020-05-26 13:09:12.157100,28.04
2020-05-26 13:09:12.358045,28.2
2020-05-26 13:09:12.558201,28.78
2020-05-26 13:09:12.759143,28.59
2020-05-26 13:09:12.959306,28.28
2020-05-26 13:09:13.160244,28.69
2020-05-26 13:09:13.360297,27.21
2020-05-26 13:09:13.560449,28.32
2020-05-26 13:09:13.761397,28.4
2020-05-26 13:09:13.961448,27.32
2020-05-26 13:09:14.161608,27.35
2020-05-26 13:09:14.362553,28.43
2020-05-26 13:09:14.562710,28.49
2020-05-26 13:09:14.762758,28.71
2020-05-26 13:09:14.962809,27.62
2020-05-26 13:09:15.162859,28.59
2020-05-26 13:09:15.362911,28.37
2020-05-26 13:09:15.562958,27.05
2020-05-26 13:09:15.763010,27.55
2020-05-26 13:09:15.963060,27.12
2020-05-26 13:09:16.163111,27.48
2020-05-26 13:09:16.363161,28.25
2020-05-26 13:09:16.563213,27.2
2020-05-26 13:09:16.763261,28.61
2020-05-26 13:09:16.963314,27.11
2020-05-26 13:09:17.163363,27.37
2020-05-26 13:09:17.363413,28.62
2020-05-26 13:09:17.563464,28.95
2020-05-26 13:09:17.763515,27.4
2020-05-26 13:09:17.963565,28.46
2020-05-26 13:09:18.165510,27.87
2020-05-26 13:09:18.367562,27.94
2020-05-26 13:09:18.567718,27.73
2020-05-26 13:09:18.767766,28.49
2020-05-26 13:09:18.967819,28.08
2020-05-26 13:09:19.167870,27.74
2020-05-26 13:09:19.367917,27.08
2020-05-26 13:09:19.567971,27.26
2020-05-26 13:09:19.768021,27.17
2020-05-26 13:09:19.968070,27.06
2020-05-26 13:09:20.168122,28.49
2020-05-26 13:09:20.368173,28.7
2020-05-26 13:09:20.568212,28.46
2020-05-26 13:09:20.768273,28.23
2020-05-26 13:09:20.968324,28.96
2020-05-26 13:09:21.168372,27.94
2020-05-26 13:09:21.368424,28.69
2020-05-26 13:09:21.568479,28.92
2020-05-26 13:09:21.768523,27.0
2020-05-26 13:09:21.968575,28.52
2020-05-26 13:09:22.168625,28.38
2020-05-26 13:09:22.368675,27.09
2020-05-26 13:09:22.569620,28.95
2020-05-26 13:09:22.769672,27.05
2020-05-26 13:09:22.969725,28.87
2020-05-26 13:09:23.169771,28.5
2020-05-26 13:09:23.369823,28.37
2020-05-26 13:09:23.572874,27.06
2020-05-26 13:09:23.773926,28.25
2020-05-26 13:09:23.973973,28.53
2020-05-26 13:09:24.174025,28.34
2020-05-26 13:09:24.374073,27.53
2020-05-26 13:09:24.574121,27.18
2020-05-26 13:09:24.774172,27.41
2020-05-26 13:09:24.974222,28.67
2020-05-26 13:09:25.174273,28.48
2020-05-26 13:09:25.374325,28.36
2020-05-26 13:09:25.574377,28.49
2020-05-26 13:09:25.774424,27.36
2020-05-26 13:09:25.974474,28.27
2020-05-26 13:09:26.174525,28.2
2020-05-26 13:09:26.374580,27.81
2020-05-26 13:09:26.574625,27.28
2020-05-26 13:09:26.774682,27.19
2020-05-26 13:09:26.974837,27.54
2020-05-26 13:09:27.174890,28.5
2020-05-26 13:09:27.374939,27.41
2020-05-26 13:09:27.574991,28.91
2020-05-26 13:09:27.775933,27.11
2020-05-26 13:09:27.976089,28.46
2020-05-26 13:09:28.176145,28.22
2020-05-26 13:09:28.377089,27.12
2020-05-26 13:09:28.577240,28.75
2020-05-26 13:09:28.781186,28.04
2020-05-26 13:09:28.981236,27.33
2020-05-26 13:09:29.181287,27.35
2020-05-26 13:09:29.381444,28.74
2020-05-26 13:09:29.581496,27.74
2020-05-26 13:09:29.781545,28.44
2020-05-26 13:09:29.981596,27.49
2020-05-26 13:09:30.181648,28.37
2020-05-26 13:09:30.381695,28.85
2020-05-26 13:09:30.585642,27.2
2020-05-26 13:09:30.785689,27.5
2020-05-26 13:09:30.985848,27.02
2020-05-26 13:09:31.185900,27.03
2020-05-26 13:09:31.385952,27.32
2020-05-26 13:09:31.585999,28.97
2020-05-26 13:09:31.786050,28.05
2020-05-26 13:09:31.986102,28.02
2020-05-26 13:09:32.186149,28.83
2020-05-26 13:09:32.386202,27.66
2020-05-26 13:09:32.587253,27.49
2020-05-26 13:09:32.787302,28.18
2020-05-26 13:09:32.987354,28.45
2020-05-26 13:09:33.188298,27.54
2020-05-26 13:09:33.388452,28.62
2020-05-26 13:09:33.588505,27.98
2020-05-26 13:09:33.788557,28.49
2020-05-26 13:09:33.988604,27.36
2020-05-26 13:09:34.188656,27.24
2020-05-26 13:09:34.388708,28.85
2020-05-26 13:09:34.588756,28.05
2020-05-26 13:09:34.788807,28.16
2020-05-26 13:09:34.988860,28.54
2020-05-26 13:09:35.188907,27.66
2020-05-26 13:09:35.388959,27.06
2020-05-26 13:09:35.589009,28.89
2020-05-26 13:09:35.789060,28.08
2020-05-26 13:09:35.989108,27.85
2020-05-26 13:09:36.189161,27.08
2020-05-26 13:09:36.390101,28.23
2020-05-26 13:09:36.593155,28.75
2020-05-26 13:09:36.793205,27.91
2020-05-26 13:09:36.996257,28.1
2020-05-26 13:09:37.196307,27.28
2020-05-26 13:09:37.396358,28.22
2020-05-26 13:09:37.596517,28.33
2020-05-26 13:09:37.796566,28.94
2020-05-26 13:09:37.996609,27.85
2020-05-26 13:09:38.196671,27.2
2020-05-26 13:09:38.396716,28.13
2020-05-26 13:09:38.596768,27.84
2020-05-26 13:09:38.796820,28.38
2020-05-26 13:09:38.996868,28.23
2020-05-26 13:09:39.196919,27.32
2020-05-26 13:09:39.396970,27.42
2020-05-26 13:09:39.597021,28.04
2020-05-26 13:09:39.797071,28.53
2020-05-26 13:09:39.997114,27.2
2020-05-26 13:09:40.197170,28.81
2020-05-26 13:09:40.397224,27.52
2020-05-26 13:09:40.597273,27.81
2020-05-26 13:09:40.797321,28.74
2020-05-26 13:09:40.998265,28.17
2020-05-26 13:09:41.198345,27.47
2020-05-26 13:09:41.398381,27.15
2020-05-26 13:09:41.598416,27.64
2020-05-26 13:09:41.798468,28.93
2020-05-26 13:09:41.998519,28.17
2020-05-26 13:09:42.198570,28.71
2020-05-26 13:09:42.398617,27.4
2020-05-26 13:09:42.598670,28.49
2020-05-26 13:09:42.798827,27.55
2020-05-26 13:09:42.998877,27.82
2020-05-26 13:09:43.198927,27.23
2020-05-26 13:09:43.399979,28.51
2020-05-26 13:09:43.600029,28.69
2020-05-26 13:09:43.800078,28.21
2020-05-26 13:09:44.000131,27.39
2020-05-26 13:09:44.200185,28.23
2020-05-26 13:09:44.400230,27.91
2020-05-26 13:09:44.600282,27.86
2020-05-26 13:09:44.800333,28.02
2020-05-26 13:09:45.000380,27.61
2020-05-26 13:09:45.200433,28.11
2020-05-26 13:09:45.400485,28.46
2020-05-26 13:09:45.600534,28.48
2020-05-26 13:09:45.800582,27.68
2020-05-26 13:09:46.000638,28.56
2020-05-26 13:09:46.200686,27.33
2020-05-26 13:09:46.400735,27.79
2020-05-26 13:09:46.600787,28.13
2020-05-26 13:09:46.800835,28.28
2020-05-26 13:09:47.001778,28.4
2020-05-26 13:09:47.201938,27.1
2020-05-26 13:09:47.401988,28.24
2020-05-26 13:09:47.602037,28.54
2020-05-26 13:09:47.802089,27.66
2020-05-26 13:09:48.002139,28.98
2020-05-26 13:09:48.202188,27.07
2020-05-26 13:09:48.402240,28.95
2020-05-26 13:09:48.602292,28.11
2020-05-26 13:09:48.802339,28.32
2020-05-26 13:09:49.002391,28.15
2020-05-26 13:09:49.202442,28.1
2020-05-26 13:09:49.402490,27.81
2020-05-26 13:09:49.602543,27.34
2020-05-26 13:09:49.802593,27.58
2020-05-26 13:09:50.002642,27.11
2020-05-26 13:09:50.202693,28.79
2020-05-26 13:09:50.403639,28.31
2020-05-26 13:09:50.603690,28.59
2020-05-26 13:09:50.803846,27.86
2020-05-26 13:09:51.003896,28.62
2020-05-26 13:09:51.203945,27.49
2020-05-26 13:09:51.403997,27.66
2020-05-26 13:09:51.604047,28.02
2020-05-26 13:09:51.804096,27.95
2020-05-26 13:09:52.004149,28.12
2020-05-26 13:09:52.204198,28.11
2020-05-26 13:09:52.404248,28.22
2020-05-26 13:09:52.604300,27.35
2020-05-26 13:09:52.804349,28.23
2020-05-26 13:09:53.004399,28.0
2020-05-26 13:09:53.204450,28.04
2020-05-26 13:09:53.405503,27.4
2020-05-26 13:09:53.605551,28.77
2020-05-26 13:09:53.805603,28.42
2020-05-26 13:09:54.005654,27.17
2020-05-26 13:09:54.205702,28.02
2020-05-26 13:09:54.405754,27.33
2020-05-26 13:09:54.605805,28.33
2020-05-26 13:09:54.805853,28.9
2020-05-26 13:09:55.005906,28.72
2020-05-26 13:09:55.206848,28.52
2020-05-26 13:09:55.406905,27.39
2020-05-26 13:09:55.607055,28.58
2020-05-26 13:09:55.807108,28.69
2020-05-26 13:09:56.015057,27.48
2020-05-26 13:09:56.215103,27.12
2020-05-26 13:09:56.415154,27.28
2020-05-26 13:09:56.615312,27.45
2020-05-26 13:09:56.815361,28.33
2020-05-26 13:09:57.015414,28.86
2020-05-26 13:09:57.215465,27.33
2020-05-26 13:09:57.416511,27.0
2020-05-26 13:09:57.616563,28.61
2020-05-26 13:09:57.816614,28.67
2020-05-26 13:09:58.016664,28.73
2020-05-26 13:09:58.216714,28.46
2020-05-26 13:09:58.416766,27.04
2020-05-26 13:09:58.616813,27.05
2020-05-26 13:09:58.816866,28.44
2020-05-26 13:09:59.017840,27.91
2020-05-26 13:09:59.217966,27.18
2020-05-26 13:09:59.418913,28.35
2020-05-26 13:09:59.618960,28.57
2020-05-26 13:09:59.819012,28.95
2020-05-26 13:10:00.019060,28.98
2020-05-26 13:10:00.219113,27.68
2020-05-26 13:10:00.419270,28.28
2020-05-26 13:10:00.621214,27.62
2020-05-26 13:10:00.821262,28.92
2020-05-26 13:10:01.021421,28.23
2020-05-26 13:10:01.223364,28.52
2020-05-26 13:10:01.426418,27.75
2020-05-26 13:10:01.626466,27.36
2020-05-26 13:10:01.826514,27.65
2020-05-26 13:10:02.026565,28.78
2020-05-26 13:10:02.226716,27.27
2020-05-26 13:10:02.427666,27.38
2020-05-26 13:10:02.632720,27.22
2020-05-26 13:10:02.832770,27.96
2020-05-26 13:10:03.032820,28.81
2020-05-26 13:10:03.232870,28.85
2020-05-26 13:10:03.433924,28.99
2020-05-26 13:10:03.634081,27.02
2020-05-26 13:10:03.835020,28.41
2020-05-26 13:10:04.035073,28.94
2020-05-26 13:10:04.235232,27.16
2020-05-26 13:10:04.435282,28.62
2020-05-26 13:10:04.635334,28.88
2020-05-26 13:10:04.835382,27.81
2020-05-26 13:10:05.035433,27.47
2020-05-26 13:10:05.235484,28.44
2020-05-26 13:10:05.436437,27.02
2020-05-26 13:10:05.636475,28.86
2020-05-26 13:10:05.836635,27.79
2020-05-26 13:10:06.036686,28.79
2020-05-26 13:10:06.236737,27.38
2020-05-26 13:10:06.436788,28.64
2020-05-26 13:10:06.636837,28.48
2020-05-26 13:10:06.836889,28.23
2020-05-26 13:10:07.036940,27.55
2020-05-26 13:10:07.236989,28.45
2020-05-26 13:10:07.437039,27.39
2020-05-26 13:10:07.637091,28.76
2020-05-26 13:10:07.837140,27.93
2020-05-26 13:10:08.037191,27.39
2020-05-26 13:10:08.237243,27.79
2020-05-26 13:10:08.438293,27.09
2020-05-26 13:10:08.638334,27.04
2020-05-26 13:10:08.838393,27.46
2020-05-26 13:10:09.039442,28.31
2020-05-26 13:10:09.239494,27.41
2020-05-26 13:10:09.439544,28.97
2020-05-26 13:10:09.639595,28.33
2020-05-26 13:10:09.839645,28.12
2020-05-26 13:10:10.039696,27.31
2020-05-26 13:10:10.240637,28.73
2020-05-26 13:10:10.440797,28.0
2020-05-26 13:10:10.640849,27.02
2020-05-26 13:10:10.840896,27.72
2020-05-26 13:10:11.041941,28.64
2020-05-26 13:10:11.242000,27.8
2020-05-26 13:10:11.442048,28.89
2020-05-26 13:10:11.642101,27.98
2020-05-26 13:10:11.842150,27.71
2020-05-26 13:10:12.043199,28.94
2020-05-26 13:10:12.243250,28.45
2020-05-26 13:10:12.443305,28.76
2020-05-26 13:10:12.643351,28.32
2020-05-26 13:10:12.843401,28.93
2020-05-26 13:10:13.044455,27.92
2020-05-26 13:10:13.245393,28.89
2020-05-26 13:10:13.445444,28.36
2020-05-26 13:10:13.645605,28.68
2020-05-26 13:10:13.846546,28.66
2020-05-26 13:10:14.046599,28.6
2020-05-26 13:10:14.246647,28.73
2020-05-26 13:10:14.446701,28.46
2020-05-26 13:10:14.646751,28.56
2020-05-26 13:10:14.846799,27.79
2020-05-26 13:10:15.046903,27.58
2020-05-26 13:10:15.247005,28.43
2020-05-26 13:10:15.447061,28.43
2020-05-26 13:10:15.648093,27.15
2020-05-26 13:10:15.848157,27.95
2020-05-26 13:10:16.049103,28.72
2020-05-26 13:10:16.249155,27.24
2020-05-26 13:10:16.449204,28.36
2020-05-26 13:10:16.649354,28.69
2020-05-26 13:10:16.849413,27.16
2020-05-26 13:10:17.049462,28.64
2020-05-26 13:10:17.249513,28.74
2020-05-26 13:10:17.449565,27.39
2020-05-26 13:10:17.649613,27.74
2020-05-26 13:10:17.849665,27.47
2020-05-26 13:10:18.049716,28.6
2020-05-26 13:10:18.249763,28.71
2020-05-26 13:10:18.450816,28.05
2020-05-26 13:10:18.651759,28.47
2020-05-26 13:10:18.851915,27.01
2020-05-26 13:10:19.051967,28.5
2020-05-26 13:10:19.251971,27.34
2020-05-26 13:10:19.452067,28.7
2020-05-26 13:10:19.652119,27.49
2020-05-26 13:10:19.852171,28.2
2020-05-26 13:10:20.052219,27.21
2020-05-26 13:10:20.252270,28.76
2020-05-26 13:10:20.452321,27.45
2020-05-26 13:10:20.652370,27.95
2020-05-26 13:10:20.853422,27.91
2020-05-26 13:10:21.053477,27.35
2020-05-26 13:10:21.253521,27.02
2020-05-26 13:10:21.453571,27.94
2020-05-26 13:10:21.653624,27.39
2020-05-26 13:10:21.853672,27.0
2020-05-26 13:10:22.053723,28.88
2020-05-26 13:10:22.253775,27.89
2020-05-26 13:10:22.453823,27.16
2020-05-26 13:10:22.653874,28.15
2020-05-26 13:10:22.853929,27.32
2020-05-26 13:10:23.054871,28.68
2020-05-26 13:10:23.255026,27.25
2020-05-26 13:10:23.455079,27.72
2020-05-26 13:10:23.656027,28.57
2020-05-26 13:10:23.856179,27.08
2020-05-26 13:10:24.056230,27.72
2020-05-26 13:10:24.257280,28.07
2020-05-26 13:10:24.457329,28.0
2020-05-26 13:10:24.657381,28.27
2020-05-26 13:10:24.857433,28.22
2020-05-26 13:10:25.058483,28.12
2020-05-26 13:10:25.258532,28.14
2020-05-26 13:10:25.458584,27.93
2020-05-26 13:10:25.658634,28.44
2020-05-26 13:10:25.858683,27.02
2020-05-26 13:10:26.058736,27.74
2020-05-26 13:10:26.258785,28.5
2020-05-26 13:10:26.458835,27.82
2020-05-26 13:10:26.658887,27.2
2020-05-26 13:10:26.858936,28.17
2020-05-26 13:10:27.058987,27.59
2020-05-26 13:10:27.259039,28.68
2020-05-26 13:10:27.459086,28.87
2020-05-26 13:10:27.660030,27.5
2020-05-26 13:10:27.860189,27.78
2020-05-26 13:10:28.061239,28.16
2020-05-26 13:10:28.261289,28.6
2020-05-26 13:10:28.461342,28.11
2020-05-26 13:10:28.661389,27.64
2020-05-26 13:10:28.861441,28.16
2020-05-26 13:10:29.061492,28.49
2020-05-26 13:10:29.262433,28.15
2020-05-26 13:10:29.462487,27.06
2020-05-26 13:10:29.662536,27.78
2020-05-26 13:10:29.862586,28.3
2020-05-26 13:10:30.062636,28.96
2020-05-26 13:10:30.262793,28.73
2020-05-26 13:10:30.462842,28.35
2020-05-26 13:10:30.662893,27.45
2020-05-26 13:10:30.862947,28.91
2020-05-26 13:10:31.062993,27.51
2020-05-26 13:10:31.263046,27.99
2020-05-26 13:10:31.463258,28.75
2020-05-26 13:10:31.685758,28.74
2020-05-26 13:10:31.885912,28.99
2020-05-26 13:10:32.085959,27.49
2020-05-26 13:10:32.286011,28.61
2020-05-26 13:10:32.486065,28.22
2020-05-26 13:10:32.686112,27.0
2020-05-26 13:10:32.887058,27.53
2020-05-26 13:10:33.087214,28.09
2020-05-26 13:10:33.287264,27.45
2020-05-26 13:10:33.488208,27.05
2020-05-26 13:10:33.688367,28.77
2020-05-26 13:10:33.888416,27.19
2020-05-26 13:10:34.088464,27.67
2020-05-26 13:10:34.288517,28.3
2020-05-26 13:10:34.488568,28.14
2020-05-26 13:10:34.689510,28.78
2020-05-26 13:10:34.889669,28.98
2020-05-26 13:10:35.089721,27.23
2020-05-26 13:10:35.290767,27.33
2020-05-26 13:10:35.490819,27.82
2020-05-26 13:10:35.691870,27.1
2020-05-26 13:10:35.891920,27.79
2020-05-26 13:10:36.091971,28.76
2020-05-26 13:10:36.292016,28.81
2020-05-26 13:10:36.492073,27.97
2020-05-26 13:10:36.692123,28.01
2020-05-26 13:10:36.892175,27.77
2020-05-26 13:10:37.092224,28.92
2020-05-26 13:10:37.292274,27.38
2020-05-26 13:10:37.492328,28.05
2020-05-26 13:10:37.692374,28.82
2020-05-26 13:10:37.892425,28.08
2020-05-26 13:10:38.092477,27.4
2020-05-26 13:10:38.292525,28.52
2020-05-26 13:10:38.492576,27.13
2020-05-26 13:10:38.692628,28.24
2020-05-26 13:10:38.892676,27.32
2020-05-26 13:10:39.092727,28.5
2020-05-26 13:10:39.292779,27.14
2020-05-26 13:10:39.492828,27.91
2020-05-26 13:10:39.692879,28.84
2020-05-26 13:10:39.892929,27.45
2020-05-26 13:10:40.092978,27.23
2020-05-26 13:10:40.293030,27.21
2020-05-26 13:10:40.493082,28.24
2020-05-26 13:10:40.693131,27.29
2020-05-26 13:10:40.893182,27.0
2020-05-26 13:10:41.093231,27.09
2020-05-26 13:10:41.293281,27.78
2020-05-26 13:10:41.493332,28.64
2020-05-26 13:10:41.693384,28.33
2020-05-26 13:10:41.894329,27.82
2020-05-26 13:10:42.094485,28.0
2020-05-26 13:10:42.294538,28.43
2020-05-26 13:10:42.494585,28.73
2020-05-26 13:10:42.694636,27.14
2020-05-26 13:10:42.894690,27.82
2020-05-26 13:10:43.094736,27.6
2020-05-26 13:10:43.294787,27.67
2020-05-26 13:10:43.495839,27.04
2020-05-26 13:10:43.696804,27.42
2020-05-26 13:10:43.896939,28.41
2020-05-26 13:10:44.096989,28.29
2020-05-26 13:10:44.297043,28.23
2020-05-26 13:10:44.497087,28.87
2020-05-26 13:10:44.697141,27.41
2020-05-26 13:10:44.897192,27.71
2020-05-26 13:10:45.097241,27.58
2020-05-26 13:10:45.297293,28.37
2020-05-26 13:10:45.497343,27.29
2020-05-26 13:10:45.697392,27.24
2020-05-26 13:10:45.897444,27.79
2020-05-26 13:10:46.097496,27.87
2020-05-26 13:10:46.298442,28.88
2020-05-26 13:10:46.498595,27.0
2020-05-26 13:10:46.698648,27.27
2020-05-26 13:10:46.898696,27.92
2020-05-26 13:10:47.098746,28.96
2020-05-26 13:10:47.298798,27.37
2020-05-26 13:10:47.498846,28.39
2020-05-26 13:10:47.699898,27.45
2020-05-26 13:10:47.899950,28.99
2020-05-26 13:10:48.099998,27.23
2020-05-26 13:10:48.300049,27.03
2020-05-26 13:10:48.500101,27.07
2020-05-26 13:10:48.701149,27.68
2020-05-26 13:10:48.901202,28.45
2020-05-26 13:10:49.101251,28.11
2020-05-26 13:10:49.302195,27.64
2020-05-26 13:10:49.502354,28.69
2020-05-26 13:10:49.702405,28.63
2020-05-26 13:10:49.902454,28.11
2020-05-26 13:10:50.102506,28.18
2020-05-26 13:10:50.302557,27.85
2020-05-26 13:10:50.502608,27.82
2020-05-26 13:10:50.702656,28.83
2020-05-26 13:10:50.902749,27.79
2020-05-26 13:10:51.102756,28.48
2020-05-26 13:10:51.302809,27.33
2020-05-26 13:10:51.502858,27.38
2020-05-26 13:10:51.702910,28.5
2020-05-26 13:10:51.902959,28.28
2020-05-26 13:10:52.104013,27.23
2020-05-26 13:10:52.304954,28.11
2020-05-26 13:10:52.505111,28.47
2020-05-26 13:10:52.705160,27.74
2020-05-26 13:10:52.906211,28.05
2020-05-26 13:10:53.106260,28.37
2020-05-26 13:10:53.306313,28.64
2020-05-26 13:10:53.506365,28.85
2020-05-26 13:10:53.706413,28.29
2020-05-26 13:10:53.906463,28.04
2020-05-26 13:10:54.106516,28.03
2020-05-26 13:10:54.306564,27.41
2020-05-26 13:10:54.506615,27.05
2020-05-26 13:10:54.706665,27.16
2020-05-26 13:10:54.906715,28.27
2020-05-26 13:10:55.106767,28.59
2020-05-26 13:10:55.306819,28.79
2020-05-26 13:10:55.506865,28.25
2020-05-26 13:10:55.707813,28.3
2020-05-26 13:10:55.907857,27.92
2020-05-26 13:10:56.107915,28.06
2020-05-26 13:10:56.307964,27.29
2020-05-26 13:10:56.508036,27.34
2020-05-26 13:10:56.711064,27.02
2020-05-26 13:10:56.911116,27.33
2020-05-26 13:10:57.111166,27.67
2020-05-26 13:10:57.311215,27.94
2020-05-26 13:10:57.511266,27.83
2020-05-26 13:10:57.711424,28.82
2020-05-26 13:10:57.911472,27.06
2020-05-26 13:10:58.111524,27.26
2020-05-26 13:10:58.312573,28.15
2020-05-26 13:10:58.512625,27.96
2020-05-26 13:10:58.713568,28.6
2020-05-26 13:10:58.913728,27.12
2020-05-26 13:10:59.113774,27.19
2020-05-26 13:10:59.313826,27.99
2020-05-26 13:10:59.514772,27.69
2020-05-26 13:10:59.714926,28.8
2020-05-26 13:10:59.914978,27.08
2020-05-26 13:11:00.115032,28.24
2020-05-26 13:11:00.315077,27.44
2020-05-26 13:11:00.516020,28.82
2020-05-26 13:11:00.716184,28.07
2020-05-26 13:11:00.917142,27.35
2020-05-26 13:11:01.117282,28.89
2020-05-26 13:11:01.318230,27.58
2020-05-26 13:11:01.521278,28.91
2020-05-26 13:11:01.721433,27.17
2020-05-26 13:11:01.921485,28.22
2020-05-26 13:11:02.122535,28.88
2020-05-26 13:11:02.322586,27.21
2020-05-26 13:11:02.523526,28.64
2020-05-26 13:11:02.723575,28.03
2020-05-26 13:11:02.923707,28.6
2020-05-26 13:11:03.123788,28.44
2020-05-26 13:11:03.323841,27.68
2020-05-26 13:11:03.523889,28.83
2020-05-26 13:11:03.723940,27.18
2020-05-26 13:11:03.923991,27.85
2020-05-26 13:11:04.124040,28.1
2020-05-26 13:11:04.324090,28.19
2020-05-26 13:11:04.524142,27.38
2020-05-26 13:11:04.724192,27.49
2020-05-26 13:11:04.925210,27.69
2020-05-26 13:11:05.125294,27.48
2020-05-26 13:11:05.325341,28.16
2020-05-26 13:11:05.525395,28.41
2020-05-26 13:11:05.725445,27.33
2020-05-26 13:11:05.926392,27.72
2020-05-26 13:11:06.126544,28.99
2020-05-26 13:11:06.327487,28.52
2020-05-26 13:11:06.527636,27.11
2020-05-26 13:11:06.727696,27.5
2020-05-26 13:11:06.927746,28.56
2020-05-26 13:11:07.127794,27.42
2020-05-26 13:11:07.327847,27.61
2020-05-26 13:11:07.527898,27.3
2020-05-26 13:11:07.727947,28.89
2020-05-26 13:11:07.927999,28.15
2020-05-26 13:11:08.128052,27.02
2020-05-26 13:11:08.328099,27.89
2020-05-26 13:11:08.528151,28.19
2020-05-26 13:11:08.728201,27.08
2020-05-26 13:11:08.928245,27.16
2020-05-26 13:11:09.128301,27.83
2020-05-26 13:11:09.329352,27.15
2020-05-26 13:11:09.530401,27.9
2020-05-26 13:11:09.730453,27.43
2020-05-26 13:11:09.930502,28.74
2020-05-26 13:11:10.130552,28.44
2020-05-26 13:11:10.330603,28.23
2020-05-26 13:11:10.530656,27.27
2020-05-26 13:11:10.730704,27.76
2020-05-26 13:11:10.930755,27.4
2020-05-26 13:11:11.130807,27.58
2020-05-26 13:11:11.330858,28.06
2020-05-26 13:11:11.531802,28.75
2020-05-26 13:11:11.731958,28.98
